SPECIES,AREA,logAREA
P1,B.semp,25,1.39794000867204
P2,B.semp,23,1.36172783601759
P3,B.semp,29,1.46239799789896
P4,B.micro,15,1.17609125905568
P5,B.micro,17,1.23044892137827
P6,B.micro,20,1.30102999566398
